--
-- PostgreSQL database dump
--

-- Dumped from database version 16.3
-- Dumped by pg_dump version 16.3

SET statement_timeout = 0;
SET lock_timeout = 0;
SET idle_in_transaction_session_timeout = 0;
SET client_encoding = 'UTF8';
SET standard_conforming_strings = on;
SELECT pg_catalog.set_config('search_path', '', false);
SET check_function_bodies = false;
SET xmloption = content;
SET client_min_messages = warning;
SET row_security = off;

SET default_tablespace = '';

SET default_table_access_method = heap;

--
-- Name: USER; Type: TABLE; Schema: public; Owner: nuntea
--

CREATE TABLE public."USER" (
    user_id integer NOT NULL,
    administrator_id integer NOT NULL,
    host_id integer NOT NULL,
    guest_id integer NOT NULL
);


ALTER TABLE public."USER" OWNER TO nuntea;

--
-- Name: USER_user_id_seq; Type: SEQUENCE; Schema: public; Owner: nuntea
--

ALTER TABLE public."USER" ALTER COLUMN user_id ADD GENERATED BY DEFAULT AS IDENTITY (
    SEQUENCE NAME public."USER_user_id_seq"
    START WITH 1
    INCREMENT BY 1
    NO MINVALUE
    NO MAXVALUE
    CACHE 1
);


--
-- Name: administrator; Type: TABLE; Schema: public; Owner: nuntea
--

CREATE TABLE public.administrator (
    administrator_id integer NOT NULL,
    first_name character varying(30) NOT NULL,
    last_name character varying(30) NOT NULL,
    email character varying(75) NOT NULL,
    password character varying(35) NOT NULL
);


ALTER TABLE public.administrator OWNER TO nuntea;

--
-- Name: administrator_administrator_id_seq; Type: SEQUENCE; Schema: public; Owner: nuntea
--

ALTER TABLE public.administrator ALTER COLUMN administrator_id ADD GENERATED BY DEFAULT AS IDENTITY (
    SEQUENCE NAME public.administrator_administrator_id_seq
    START WITH 1
    INCREMENT BY 1
    NO MINVALUE
    NO MAXVALUE
    CACHE 1
);


--
-- Name: amenities; Type: TABLE; Schema: public; Owner: nuntea
--

CREATE TABLE public.amenities (
    amenities_id integer NOT NULL,
    number_bedrooms integer NOT NULL,
    num_bathrooms integer NOT NULL,
    wifi boolean NOT NULL,
    interior_security_camera boolean,
    ac boolean,
    laundry text,
    house_rules text NOT NULL,
    cancellation_policy text NOT NULL,
    additional_services text,
    check_in_check_out_instructions text NOT NULL,
    others text
);


ALTER TABLE public.amenities OWNER TO nuntea;

--
-- Name: amenities_amenities_id_seq; Type: SEQUENCE; Schema: public; Owner: nuntea
--

ALTER TABLE public.amenities ALTER COLUMN amenities_id ADD GENERATED BY DEFAULT AS IDENTITY (
    SEQUENCE NAME public.amenities_amenities_id_seq
    START WITH 1
    INCREMENT BY 1
    NO MINVALUE
    NO MAXVALUE
    CACHE 1
);


--
-- Name: availability; Type: TABLE; Schema: public; Owner: nuntea
--

CREATE TABLE public.availability (
    availability_id integer NOT NULL,
    start_available date NOT NULL,
    end_available date NOT NULL,
    listing_id integer NOT NULL
);


ALTER TABLE public.availability OWNER TO nuntea;

--
-- Name: availability_availability_id_seq; Type: SEQUENCE; Schema: public; Owner: nuntea
--

ALTER TABLE public.availability ALTER COLUMN availability_id ADD GENERATED BY DEFAULT AS IDENTITY (
    SEQUENCE NAME public.availability_availability_id_seq
    START WITH 1
    INCREMENT BY 1
    NO MINVALUE
    NO MAXVALUE
    CACHE 1
);


--
-- Name: booking; Type: TABLE; Schema: public; Owner: nuntea
--

CREATE TABLE public.booking (
    booking_id integer NOT NULL,
    guest_id integer NOT NULL,
    listing_id integer NOT NULL,
    check_in date NOT NULL,
    check_out date NOT NULL,
    total_price numeric(10,2) NOT NULL,
    booking_time timestamp without time zone NOT NULL,
    paid boolean NOT NULL,
    num_adult integer NOT NULL,
    num_children integer NOT NULL,
    payment_id integer NOT NULL
);


ALTER TABLE public.booking OWNER TO nuntea;

--
-- Name: booking_booking_id_seq; Type: SEQUENCE; Schema: public; Owner: nuntea
--

ALTER TABLE public.booking ALTER COLUMN booking_id ADD GENERATED BY DEFAULT AS IDENTITY (
    SEQUENCE NAME public.booking_booking_id_seq
    START WITH 1
    INCREMENT BY 1
    NO MINVALUE
    NO MAXVALUE
    CACHE 1
);


--
-- Name: complain; Type: TABLE; Schema: public; Owner: nuntea
--

CREATE TABLE public.complain (
    complain_id integer NOT NULL,
    user_id integer NOT NULL,
    complain_type character varying(30) NOT NULL,
    description text NOT NULL
);


ALTER TABLE public.complain OWNER TO nuntea;

--
-- Name: complain_complain_id_seq; Type: SEQUENCE; Schema: public; Owner: nuntea
--

ALTER TABLE public.complain ALTER COLUMN complain_id ADD GENERATED BY DEFAULT AS IDENTITY (
    SEQUENCE NAME public.complain_complain_id_seq
    START WITH 1
    INCREMENT BY 1
    NO MINVALUE
    NO MAXVALUE
    CACHE 1
);


--
-- Name: credit_debit_card; Type: TABLE; Schema: public; Owner: nuntea
--

CREATE TABLE public.credit_debit_card (
    credit_debit_card_id integer NOT NULL,
    payment_method_id integer NOT NULL,
    card_number character varying(20) NOT NULL,
    card_holder_name character varying(45) NOT NULL,
    expiration_date date NOT NULL,
    cvv integer NOT NULL
);


ALTER TABLE public.credit_debit_card OWNER TO nuntea;

--
-- Name: credit_debit_card_credit_debit_card_id_seq; Type: SEQUENCE; Schema: public; Owner: nuntea
--

ALTER TABLE public.credit_debit_card ALTER COLUMN credit_debit_card_id ADD GENERATED BY DEFAULT AS IDENTITY (
    SEQUENCE NAME public.credit_debit_card_credit_debit_card_id_seq
    START WITH 1
    INCREMENT BY 1
    NO MINVALUE
    NO MAXVALUE
    CACHE 1
);


--
-- Name: guest; Type: TABLE; Schema: public; Owner: nuntea
--

CREATE TABLE public.guest (
    guest_id integer NOT NULL,
    first_name character varying(30) NOT NULL,
    last_name character varying(30) NOT NULL,
    location_id integer NOT NULL,
    phone_number character varying(15) NOT NULL,
    date_of_birth date NOT NULL,
    email character varying(75) NOT NULL,
    password character varying(35) NOT NULL,
    emergency_contact character varying(15)
);


ALTER TABLE public.guest OWNER TO nuntea;

--
-- Name: guest_guest_id_seq; Type: SEQUENCE; Schema: public; Owner: nuntea
--

ALTER TABLE public.guest ALTER COLUMN guest_id ADD GENERATED BY DEFAULT AS IDENTITY (
    SEQUENCE NAME public.guest_guest_id_seq
    START WITH 1
    INCREMENT BY 1
    NO MINVALUE
    NO MAXVALUE
    CACHE 1
);


--
-- Name: host; Type: TABLE; Schema: public; Owner: nuntea
--

CREATE TABLE public.host (
    host_id integer NOT NULL,
    first_name character varying(30) NOT NULL,
    last_name character varying(30) NOT NULL,
    location_id integer NOT NULL,
    phone_number character varying(15) NOT NULL,
    date_of_birth date,
    email character varying(75) NOT NULL,
    password character varying(35) NOT NULL
);


ALTER TABLE public.host OWNER TO nuntea;

--
-- Name: host_host_id_seq; Type: SEQUENCE; Schema: public; Owner: nuntea
--

ALTER TABLE public.host ALTER COLUMN host_id ADD GENERATED BY DEFAULT AS IDENTITY (
    SEQUENCE NAME public.host_host_id_seq
    START WITH 1
    INCREMENT BY 1
    NO MINVALUE
    NO MAXVALUE
    CACHE 1
);


--
-- Name: host_listing; Type: TABLE; Schema: public; Owner: nuntea
--

CREATE TABLE public.host_listing (
    host_listing_id integer NOT NULL,
    host_id integer NOT NULL,
    listing_id integer NOT NULL
);


ALTER TABLE public.host_listing OWNER TO nuntea;

--
-- Name: host_listing_host_listing_id_seq; Type: SEQUENCE; Schema: public; Owner: nuntea
--

ALTER TABLE public.host_listing ALTER COLUMN host_listing_id ADD GENERATED BY DEFAULT AS IDENTITY (
    SEQUENCE NAME public.host_listing_host_listing_id_seq
    START WITH 1
    INCREMENT BY 1
    NO MINVALUE
    NO MAXVALUE
    CACHE 1
);


--
-- Name: listing; Type: TABLE; Schema: public; Owner: nuntea
--

CREATE TABLE public.listing (
    listing_id integer NOT NULL,
    place_id integer NOT NULL,
    location_id integer NOT NULL
);


ALTER TABLE public.listing OWNER TO nuntea;

--
-- Name: listing_amenities; Type: TABLE; Schema: public; Owner: nuntea
--

CREATE TABLE public.listing_amenities (
    listing_amenities_id integer NOT NULL,
    listing_id integer NOT NULL,
    amenities_id integer NOT NULL
);


ALTER TABLE public.listing_amenities OWNER TO nuntea;

--
-- Name: listing_amenities_listing_amenities_id_seq; Type: SEQUENCE; Schema: public; Owner: nuntea
--

ALTER TABLE public.listing_amenities ALTER COLUMN listing_amenities_id ADD GENERATED BY DEFAULT AS IDENTITY (
    SEQUENCE NAME public.listing_amenities_listing_amenities_id_seq
    START WITH 1
    INCREMENT BY 1
    NO MINVALUE
    NO MAXVALUE
    CACHE 1
);


--
-- Name: listing_listing_id_seq; Type: SEQUENCE; Schema: public; Owner: nuntea
--

ALTER TABLE public.listing ALTER COLUMN listing_id ADD GENERATED BY DEFAULT AS IDENTITY (
    SEQUENCE NAME public.listing_listing_id_seq
    START WITH 1
    INCREMENT BY 1
    NO MINVALUE
    NO MAXVALUE
    CACHE 1
);


--
-- Name: location; Type: TABLE; Schema: public; Owner: nuntea
--

CREATE TABLE public.location (
    location_id integer NOT NULL,
    location_name character varying(30) NOT NULL,
    street character varying(30),
    city character varying(30) NOT NULL,
    country character varying(30) NOT NULL,
    pincode integer NOT NULL
);


ALTER TABLE public.location OWNER TO nuntea;

--
-- Name: location_location_id_seq; Type: SEQUENCE; Schema: public; Owner: nuntea
--

ALTER TABLE public.location ALTER COLUMN location_id ADD GENERATED BY DEFAULT AS IDENTITY (
    SEQUENCE NAME public.location_location_id_seq
    START WITH 1
    INCREMENT BY 1
    NO MINVALUE
    NO MAXVALUE
    CACHE 1
);


--
-- Name: net_banking; Type: TABLE; Schema: public; Owner: nuntea
--

CREATE TABLE public.net_banking (
    net_banking_id integer NOT NULL,
    payment_method_id integer NOT NULL,
    bank_name character varying(30) NOT NULL,
    account_number character varying(25) NOT NULL,
    ifsc_code character varying(25) NOT NULL
);


ALTER TABLE public.net_banking OWNER TO nuntea;

--
-- Name: net_banking_net_banking_id_seq; Type: SEQUENCE; Schema: public; Owner: nuntea
--

ALTER TABLE public.net_banking ALTER COLUMN net_banking_id ADD GENERATED BY DEFAULT AS IDENTITY (
    SEQUENCE NAME public.net_banking_net_banking_id_seq
    START WITH 1
    INCREMENT BY 1
    NO MINVALUE
    NO MAXVALUE
    CACHE 1
);


--
-- Name: payment; Type: TABLE; Schema: public; Owner: nuntea
--

CREATE TABLE public.payment (
    payment_id integer NOT NULL,
    person_id integer NOT NULL,
    person_type character varying(10) NOT NULL,
    payment_type character varying(15) NOT NULL,
    CONSTRAINT payment_person_type_check CHECK (((person_type)::text = ANY ((ARRAY['host'::character varying, 'guest'::character varying])::text[])))
);


ALTER TABLE public.payment OWNER TO nuntea;

--
-- Name: payment_payment_id_seq; Type: SEQUENCE; Schema: public; Owner: nuntea
--

ALTER TABLE public.payment ALTER COLUMN payment_id ADD GENERATED BY DEFAULT AS IDENTITY (
    SEQUENCE NAME public.payment_payment_id_seq
    START WITH 1
    INCREMENT BY 1
    NO MINVALUE
    NO MAXVALUE
    CACHE 1
);


--
-- Name: photo; Type: TABLE; Schema: public; Owner: nuntea
--

CREATE TABLE public.photo (
    photo_id integer NOT NULL,
    photo bytea NOT NULL,
    extension character varying(10) NOT NULL
);


ALTER TABLE public.photo OWNER TO nuntea;

--
-- Name: photo_photo_id_seq; Type: SEQUENCE; Schema: public; Owner: nuntea
--

ALTER TABLE public.photo ALTER COLUMN photo_id ADD GENERATED BY DEFAULT AS IDENTITY (
    SEQUENCE NAME public.photo_photo_id_seq
    START WITH 1
    INCREMENT BY 1
    NO MINVALUE
    NO MAXVALUE
    CACHE 1
);


--
-- Name: photos; Type: TABLE; Schema: public; Owner: nuntea
--

CREATE TABLE public.photos (
    photos_id integer NOT NULL,
    owner_id integer NOT NULL,
    owner_type character varying(10) NOT NULL,
    photo_id integer NOT NULL,
    CONSTRAINT photos_owner_type_check CHECK (((owner_type)::text = ANY ((ARRAY['listing'::character varying, 'host'::character varying, 'guest'::character varying])::text[])))
);


ALTER TABLE public.photos OWNER TO nuntea;

--
-- Name: photos_photos_id_seq; Type: SEQUENCE; Schema: public; Owner: nuntea
--

ALTER TABLE public.photos ALTER COLUMN photos_id ADD GENERATED BY DEFAULT AS IDENTITY (
    SEQUENCE NAME public.photos_photos_id_seq
    START WITH 1
    INCREMENT BY 1
    NO MINVALUE
    NO MAXVALUE
    CACHE 1
);


--
-- Name: place; Type: TABLE; Schema: public; Owner: nuntea
--

CREATE TABLE public.place (
    place_id integer NOT NULL,
    type character varying(25) NOT NULL,
    description text NOT NULL,
    max_adult integer NOT NULL,
    max_children integer NOT NULL,
    allowed_pet boolean NOT NULL,
    exterior_security_camera boolean NOT NULL,
    security boolean NOT NULL
);


ALTER TABLE public.place OWNER TO nuntea;

--
-- Name: place_place_id_seq; Type: SEQUENCE; Schema: public; Owner: nuntea
--

ALTER TABLE public.place ALTER COLUMN place_id ADD GENERATED BY DEFAULT AS IDENTITY (
    SEQUENCE NAME public.place_place_id_seq
    START WITH 1
    INCREMENT BY 1
    NO MINVALUE
    NO MAXVALUE
    CACHE 1
);


--
-- Name: review; Type: TABLE; Schema: public; Owner: nuntea
--

CREATE TABLE public.review (
    id integer NOT NULL,
    star integer NOT NULL,
    description text,
    listing_id integer NOT NULL,
    guest_id integer NOT NULL
);


ALTER TABLE public.review OWNER TO nuntea;

--
-- Name: review_id_seq; Type: SEQUENCE; Schema: public; Owner: nuntea
--

ALTER TABLE public.review ALTER COLUMN id ADD GENERATED BY DEFAULT AS IDENTITY (
    SEQUENCE NAME public.review_id_seq
    START WITH 1
    INCREMENT BY 1
    NO MINVALUE
    NO MAXVALUE
    CACHE 1
);


--
-- Name: tag; Type: TABLE; Schema: public; Owner: nuntea
--

CREATE TABLE public.tag (
    tag_id integer NOT NULL,
    name character varying(20) NOT NULL,
    description text NOT NULL
);


ALTER TABLE public.tag OWNER TO nuntea;

--
-- Name: tag_tag_id_seq; Type: SEQUENCE; Schema: public; Owner: nuntea
--

ALTER TABLE public.tag ALTER COLUMN tag_id ADD GENERATED BY DEFAULT AS IDENTITY (
    SEQUENCE NAME public.tag_tag_id_seq
    START WITH 1
    INCREMENT BY 1
    NO MINVALUE
    NO MAXVALUE
    CACHE 1
);


--
-- Name: tags; Type: TABLE; Schema: public; Owner: nuntea
--

CREATE TABLE public.tags (
    tags_id integer NOT NULL,
    tag_id integer NOT NULL,
    place_id integer NOT NULL
);


ALTER TABLE public.tags OWNER TO nuntea;

--
-- Name: tags_tags_id_seq; Type: SEQUENCE; Schema: public; Owner: nuntea
--

ALTER TABLE public.tags ALTER COLUMN tags_id ADD GENERATED BY DEFAULT AS IDENTITY (
    SEQUENCE NAME public.tags_tags_id_seq
    START WITH 1
    INCREMENT BY 1
    NO MINVALUE
    NO MAXVALUE
    CACHE 1
);


--
-- Name: upi; Type: TABLE; Schema: public; Owner: nuntea
--

CREATE TABLE public.upi (
    upi_id integer NOT NULL,
    payment_method_id integer NOT NULL,
    upi character varying(30) NOT NULL
);


ALTER TABLE public.upi OWNER TO nuntea;

--
-- Name: upi_upi_id_seq; Type: SEQUENCE; Schema: public; Owner: nuntea
--

ALTER TABLE public.upi ALTER COLUMN upi_id ADD GENERATED BY DEFAULT AS IDENTITY (
    SEQUENCE NAME public.upi_upi_id_seq
    START WITH 1
    INCREMENT BY 1
    NO MINVALUE
    NO MAXVALUE
    CACHE 1
);


--
-- Name: wishlist; Type: TABLE; Schema: public; Owner: nuntea
--

CREATE TABLE public.wishlist (
    id integer NOT NULL,
    listing_id integer NOT NULL,
    guest_id integer NOT NULL
);


ALTER TABLE public.wishlist OWNER TO nuntea;

--
-- Name: wishlist_id_seq; Type: SEQUENCE; Schema: public; Owner: nuntea
--

ALTER TABLE public.wishlist ALTER COLUMN id ADD GENERATED BY DEFAULT AS IDENTITY (
    SEQUENCE NAME public.wishlist_id_seq
    START WITH 1
    INCREMENT BY 1
    NO MINVALUE
    NO MAXVALUE
    CACHE 1
);


--
-- Data for Name: USER; Type: TABLE DATA; Schema: public; Owner: nuntea
--

COPY public."USER" (user_id, administrator_id, host_id, guest_id) FROM stdin;
1	1	1	1
2	1	2	2
3	1	3	3
4	2	4	4
5	2	5	5
6	3	6	6
7	3	7	7
8	3	8	8
9	4	9	9
10	4	10	10
11	5	11	11
12	5	12	12
13	5	13	13
14	6	14	14
15	6	15	15
16	7	16	16
17	7	17	17
18	8	18	18
19	8	19	19
20	8	20	20
\.


--
-- Data for Name: administrator; Type: TABLE DATA; Schema: public; Owner: nuntea
--

COPY public.administrator (administrator_id, first_name, last_name, email, password) FROM stdin;
1	Lala1	Nuna1	lala1@gmail.com	lala1
2	Lala2	Nuna2	lala2@gmail.com	lala2
3	Lala3	Nuna3	lala3@gmail.com	lala3
4	Lala4	Nuna4	lala4@gmail.com	lala4
5	Lala5	Nuna5	lala5@gmail.com	lala5
6	Lala6	Nuna6	lala6@gmail.com	lala6
7	Lala7	Nuna7	lala7@gmail.com	lala7
8	Lala8	Nuna8	lala8@gmail.com	lala8
9	Lala9	Nuna9	lala9@gmail.com	lala9
10	Lala10	Nuna10	lala10@gmail.com	lala10
11	Lala11	Nuna11	lala11@gmail.com	lala11
12	Lala12	Nuna12	lala12@gmail.com	lala12
13	Lala13	Nuna13	lala13@gmail.com	lala13
14	Lala14	Nuna14	lala14@gmail.com	lala14
15	Lala15	Nuna15	lala15@gmail.com	lala15
16	Lala16	Nuna16	lala16@gmail.com	lala16
17	Lala17	Nuna17	lala17@gmail.com	lala17
18	Lala18	Nuna18	lala18@gmail.com	lala18
19	Lala19	Nuna19	lala19@gmail.com	lala19
20	Lala20	Nuna20	lala20@gmail.com	lala20
\.


--
-- Data for Name: amenities; Type: TABLE DATA; Schema: public; Owner: nuntea
--

COPY public.amenities (amenities_id, number_bedrooms, num_bathrooms, wifi, interior_security_camera, ac, laundry, house_rules, cancellation_policy, additional_services, check_in_check_out_instructions, others) FROM stdin;
1	1	1	t	f	t	Coin-operated laundry available on-site	No smoking, no parties, quiet hours after 10 PM	24-hour cancellation policy, full refund if cancelled within 24 hours	Professional cleaning services available upon request	Check-in: 3 PM - 10 PM, Check-out: 11 AM, late check-out fees apply	Free parking, complimentary breakfast
2	5	4	t	t	t	In-unit washer and dryer	Pets allowed with a fee, no smoking indoors	48-hour cancellation policy, 50% refund if cancelled within 48 hours	\N	Check-in: 4 PM - 8 PM, Check-out: 10 AM	\N
3	2	1	f	f	f	No laundry facilities	No parties, quiet hours after 11 PM, maximum occupancy strictly enforced	Non-refundable, no cancellations allowed	Airport shuttle service available for a fee	Check-in: 2 PM - 6 PM, Check-out: 12 PM	Access to shared outdoor pool and hot tub
4	6	3	t	f	t	\N	No smoking, no pets allowed	72-hour cancellation policy, full refund if cancelled within 72 hours	Personal chef services available upon request	Check-in: 3 PM - 9 PM, Check-out: 11 AM	Concierge service, fitness center access
5	4	2	t	t	t	Coin-operated laundry room on each floor	No smoking indoors, quiet hours after 9 PM	48-hour cancellation policy, no refunds for cancellations within 48 hours	In-room massages available upon request	Check-in: 4 PM - 8 PM, Check-out: 10 AM	Free continental breakfast, outdoor lounge areas
6	2	1	f	f	f	In-unit washer and dryer	Pets allowed with a fee, no parties, quiet hours after 10 PM	24-hour cancellation policy, full refund if cancelled within 24 hours	\N	Check-in: 3 PM - 9 PM, Check-out: 11 AM	Free parking, bike rentals available
7	3	2	t	f	t	\N	No smoking, no pets allowed, maximum occupancy strictly enforced	Non-refundable, no cancellations allowed	Private chef services available upon request	Check-in: 4 PM - 8 PM, Check-out: 12 PM	Concierge service, private beach access
8	2	1	t	f	t	Coin-operated laundry facilities on-site	No smoking indoors, quiet hours after 11 PM	72-hour cancellation policy, 50% refund if cancelled within 72 hours	Grocery delivery service available for a fee	Check-in: 3 PM - 7 PM, Check-out: 10 AM	Free parking, outdoor fire pits
9	2	2	t	t	t	In-unit washer and dryer	Pets allowed with a fee, no parties, quiet hours after 9 PM	48-hour cancellation policy, no refunds for cancellations within 48 hours	Babysitting services available upon request	Check-in: 4 PM - 8 PM, Check-out: 11 AM	Free continental breakfast, fitness center access
10	4	3	t	f	t	\N	No smoking, no pets allowed, maximum occupancy strictly enforced	Non-refundable, no cancellations allowed	\N	Check-in: 3 PM - 7 PM, Check-out: 10 AM	Concierge service, private tennis courts
11	1	1	f	f	f	Coin-operated laundry facilities on each floor	No smoking indoors, quiet hours after 10 PM	24-hour cancellation policy, full refund if cancelled within 24 hours	In-room spa services available upon request	Check-in: 4 PM - 9 PM, Check-out: 11 AM	Free parking, outdoor pool and hot tub
12	3	2	t	t	t	In-unit washer and dryer	Pets allowed with a fee, no parties, quiet hours after 11 PM	72-hour cancellation policy, 50% refund if cancelled within 72 hours	Personal chef services available upon request	Check-in: 3 PM - 8 PM, Check-out: 10 AM	Concierge service, fitness center access
13	4	3	t	f	t	\N	No smoking, no pets allowed, maximum occupancy strictly enforced	Non-refundable, no cancellations allowed	Airport shuttle service available for a fee	Check-in: 4 PM - 7 PM, Check-out: 11 AM	Private beach access, outdoor lounge areas
14	3	2	f	f	t	Coin-operated laundry facilities on-site	No smoking indoors, quiet hours after 9 PM	48-hour cancellation policy, no refunds for cancellations within 48 hours	Grocery delivery service available for a fee	Check-in: 3 PM - 9 PM, Check-out: 10 AM	Free parking, bike rentals available
15	1	1	t	f	f	In-unit washer and dryer	Pets allowed with a fee, no parties, quiet hours after 10 PM	24-hour cancellation policy, full refund if cancelled within 24 hours	Babysitting services available upon request	Check-in: 4 PM - 8 PM, Check-out: 11 AM	Free continental breakfast, outdoor fire pits
16	2	1	f	f	f	\N	No smoking, no pets allowed, maximum occupancy strictly enforced	Non-refundable, no cancellations allowed	Personal chef services available upon request	Check-in: 3 PM - 7 PM, Check-out: 12 PM	Concierge service, private tennis courts
17	6	5	t	t	t	Coin-operated laundry room on each floor	No smoking indoors, quiet hours after 11 PM	72-hour cancellation policy, 50% refund if cancelled within 72 hours	In-room massages available upon request	Check-in: 4 PM - 9 PM, Check-out: 10 AM	Free parking, outdoor pool and hot tub
18	1	1	f	f	f	In-unit washer and dryer	Pets allowed with a fee, no parties, quiet hours after 9 PM	48-hour cancellation policy, no refunds for cancellations within 48 hours	\N	Check-in: 3 PM - 8 PM, Check-out: 11 AM	Fitness center access, outdoor lounge areas
19	2	1	t	f	t	\N	No smoking, no pets allowed, maximum occupancy strictly enforced	Non-refundable, no cancellations allowed	Airport shuttle service available for a fee	Check-in: 4 PM - 7 PM, Check-out: 10 AM	Private beach access, bike rentals available
20	6	5	t	t	t	Coin-operated laundry facilities on-site	No smoking indoors, quiet hours after 10 PM	24-hour cancellation policy, full refund if cancelled within 24 hours	Grocery delivery service available for a fee	Check-in: 3 PM - 9 PM, Check-out: 11 AM	Free parking, outdoor fire pits
\.


--
-- Data for Name: availability; Type: TABLE DATA; Schema: public; Owner: nuntea
--

COPY public.availability (availability_id, start_available, end_available, listing_id) FROM stdin;
1	2023-06-01	2023-06-15	1
2	2023-07-10	2023-07-20	2
3	2023-08-15	2023-08-25	3
4	2023-09-01	2023-09-10	4
5	2023-10-01	2023-10-15	5
6	2023-11-01	2023-11-15	6
7	2023-12-15	2024-01-05	7
8	2024-02-01	2024-02-15	8
9	2024-03-10	2024-03-20	9
10	2024-04-01	2024-04-15	10
11	2024-05-01	2024-05-15	11
12	2024-06-01	2024-06-15	12
13	2024-07-10	2024-07-20	13
14	2024-08-15	2024-08-25	14
15	2024-09-01	2024-09-10	15
16	2024-10-01	2024-10-15	16
17	2024-11-01	2024-11-15	17
18	2024-12-15	2025-01-05	18
19	2025-02-01	2025-02-15	19
20	2025-03-10	2025-03-20	20
\.


--
-- Data for Name: booking; Type: TABLE DATA; Schema: public; Owner: nuntea
--

COPY public.booking (booking_id, guest_id, listing_id, check_in, check_out, total_price, booking_time, paid, num_adult, num_children, payment_id) FROM stdin;
1	1	1	2023-07-01	2023-07-07	1200.50	2023-06-15 10:30:00	t	2	1	20
2	2	2	2023-08-10	2023-08-15	2500.75	2023-07-20 14:45:00	t	4	2	19
3	3	3	2023-09-01	2023-09-05	850.00	2023-08-18 09:15:00	f	2	0	18
4	4	4	2023-10-15	2023-10-20	1750.25	2023-09-28 16:20:00	t	3	1	17
5	5	5	2023-11-01	2023-11-07	2100.00	2023-10-10 11:35:00	f	4	0	16
6	6	6	2023-12-20	2023-12-27	1450.75	2023-11-25 18:10:00	t	2	2	15
7	7	7	2024-01-01	2024-01-08	2800.50	2023-12-15 08:25:00	t	4	1	14
8	8	8	2024-02-10	2024-02-15	1200.00	2024-01-20 13:40:00	f	2	0	13
9	9	9	2024-03-15	2024-03-20	1650.25	2024-02-28 10:55:00	t	3	1	12
10	10	10	2024-04-01	2024-04-07	2400.75	2024-03-15 14:20:00	t	4	2	11
11	11	11	2024-05-10	2024-05-15	1100.50	2024-04-25 09:35:00	f	2	0	10
12	12	12	2024-06-01	2024-06-08	2200.75	2024-05-15 16:50:00	t	4	1	9
13	13	13	2024-07-15	2024-07-20	1450.00	2024-06-28 12:10:00	f	2	2	8
14	14	14	2024-08-01	2024-08-07	2850.25	2024-07-10 18:30:00	t	4	0	7
15	15	15	2024-09-10	2024-09-15	1700.50	2024-08-25 11:45:00	t	3	1	6
16	16	16	2024-10-01	2024-10-07	2100.75	2024-09-15 14:20:00	f	4	2	5
17	17	17	2024-11-15	2024-11-20	1300.00	2024-10-30 09:55:00	t	2	0	4
18	18	18	2024-12-20	2024-12-27	2600.25	2024-11-30 16:40:00	t	4	1	3
19	19	19	2025-01-01	2025-01-08	2900.50	2024-12-15 10:15:00	f	6	2	2
20	20	20	2025-02-10	2025-02-15	1400.75	2025-01-25 13:30:00	t	2	1	1
\.


--
-- Data for Name: complain; Type: TABLE DATA; Schema: public; Owner: nuntea
--

COPY public.complain (complain_id, user_id, complain_type, description) FROM stdin;
1	1	maintenance	Air conditioner not working properly in room 101.
2	2	noise	Loud music coming from the bar area after midnight.
3	3	billing	Incorrect charges applied to my recent bill.
4	4	cleaning	Room service not cleaning the room properly.
5	5	amenities	Broken swimming pool needs repair.
6	6	maintenance	Leaking faucet in the bathroom sink.
7	7	staff	Unfriendly staff at the front desk.
8	8	other	Lost my phone in the hotel lobby.
9	9	food	Found a hair in my food at the restaurant.
10	10	internet	Wi-Fi connection is slow and unreliable.
11	11	maintenance	Light bulb burnt out in the hallway.
12	12	security	Security concerns about access to the hotel floors.
13	13	noise	Thin walls, can hear noise from neighboring rooms.
14	14	billing	Double charges for a service not used.
15	15	cleaning	Dirty towels left in the bathroom.
16	16	amenities	Gym equipment not functioning properly.
17	17	maintenance	Broken shower head in the bathroom.
18	18	staff	Rude behavior from a staff member at the restaurant.
19	19	other	Found suspicious activity happening near my room.
20	20	food	Wrong order delivered by room service.
\.


--
-- Data for Name: credit_debit_card; Type: TABLE DATA; Schema: public; Owner: nuntea
--

COPY public.credit_debit_card (credit_debit_card_id, payment_method_id, card_number, card_holder_name, expiration_date, cvv) FROM stdin;
1	6	1234567890123456	Guest 6	2025-12-31	123
2	7	2345678901234567	Host 7	2026-06-30	456
3	8	3456789012345678	Guest 8	2024-09-30	789
4	9	4567890123456789	Host 9	2027-03-31	101
5	10	5678901234567890	Guest 10	2025-07-31	112
6	21	6789012345678901	Host 21	2026-11-30	213
7	22	7890123456789012	Guest 22	2024-02-28	314
8	23	8901234567890123	Host 23	2027-08-31	415
9	24	9012345678901234	Guest 24	2025-04-30	516
10	25	0123456789012345	Host 25	2026-10-31	617
11	36	1234567890123456	Guest 36	2025-01-31	718
12	37	2345678901234567	Host 37	2027-05-31	819
13	38	3456789012345678	Guest 38	2024-12-31	920
14	39	4567890123456789	Host 39	2026-03-31	21
15	40	5678901234567890	Guest 40	2025-09-30	122
16	51	6789012345678901	Host 51	2027-02-28	223
17	52	7890123456789012	Guest 52	2024-07-31	324
18	53	8901234567890123	Host 53	2026-01-31	425
19	54	9012345678901234	Guest 54	2025-06-30	526
20	55	0123456789012345	Host 55	2027-12-31	627
\.


--
-- Data for Name: guest; Type: TABLE DATA; Schema: public; Owner: nuntea
--

COPY public.guest (guest_id, first_name, last_name, location_id, phone_number, date_of_birth, email, password, emergency_contact) FROM stdin;
1	Hminga1	Huna1	4	12912321231	1970-01-03	hmingamithun1@gmail.com	zualaHuna1	\N
2	Hminga2	Huna2	5	12398621231	1912-01-03	hmingamithun2@gmail.com	zualaHuna2	\N
3	Hminga3	Huna3	14	6639862123	1980-01-03	hmingamithun3@gmail.com	zualaHuna3	\N
4	Hminga4	Huna4	15	5349862123	1990-01-03	hmingamithun4@gmail.com	zualaHuna4	\N
5	Hminga5	Huna5	1	298621231	2000-01-03	hmingamithun5@gmail.com	zualaHuna5	\N
6	Hminga6	Huna6	11	9098621231	1920-01-03	hmingamithun6@gmail.com	zualaHuna6	\N
7	Hminga7	Huna7	2	5598621231	1960-01-03	hmingamithun7@gmail.com	zualaHuna7	\N
8	Hminga8	Huna8	12	5398621231	1950-01-03	hmingamithun8@gmail.com	zualaHuna8	\N
9	Hminga9	Huna9	3	8798621231	1973-01-03	hmingamithun9@gmail.com	zualaHuna9	\N
10	Hminga10	Huna10	13	3298621231	1978-01-03	hmingamithun10@gmail.com	zualaHuna10	\N
11	Hminga11	Huna11	6	2398621231	1979-01-03	hmingamithun11@gmail.com	zualaHuna11	\N
12	Hminga12	Huna12	16	8898621231	1973-01-03	hmingamithun12@gmail.com	zualaHuna12	\N
13	Hminga13	Huna13	7	7798621231	1968-01-03	hmingamithun13@gmail.com	zualaHuna13	\N
14	Hminga14	Huna14	17	5698621231	1998-01-03	hmingamithun14@gmail.com	zualaHuna14	\N
15	Hminga15	Huna15	8	9898621231	2005-01-03	hmingamithun15@gmail.com	zualaHuna15	\N
16	Hminga16	Huna16	18	8098621231	1945-01-03	hmingamithun16@gmail.com	zualaHuna16	\N
17	Hminga17	Huna17	9	898621231	1973-01-03	hmingamithun17@gmail.com	zualaHuna17	\N
18	Hminga18	Huna18	19	3498621231	1962-01-03	hmingamithun18@gmail.com	zualaHuna18	\N
19	Hminga19	Huna19	20	8198621231	2000-01-03	hmingamithun19@gmail.com	zualaHuna19	\N
20	Hminga20	Huna20	10	1898621231	2001-01-03	hmingamithun20@gmail.com	zualaHuna20	\N
\.


--
-- Data for Name: host; Type: TABLE DATA; Schema: public; Owner: nuntea
--

COPY public.host (host_id, first_name, last_name, location_id, phone_number, date_of_birth, email, password) FROM stdin;
1	Zuala1	Mithun1	4	12912321231	1970-01-03	zualamithun1@gmail.com	zualamithun1
2	Zuala2	Mithun2	5	12398621231	1912-01-03	zualamithun2@gmail.com	zualamithun2
3	Zuala3	Mithun3	14	6639862123	1980-01-03	zualamithun3@gmail.com	zualamithun3
4	Zuala4	Mithun4	15	5349862123	1990-01-03	zualamithun4@gmail.com	zualamithun4
5	Zuala5	Mithun5	1	298621231	2000-01-03	zualamithun5@gmail.com	zualamithun5
6	Zuala6	Mithun6	11	9098621231	1920-01-03	zualamithun6@gmail.com	zualamithun6
7	Zuala7	Mithun7	2	5598621231	1960-01-03	zualamithun7@gmail.com	zualamithun7
8	Zuala8	Mithun8	12	5398621231	1950-01-03	zualamithun8@gmail.com	zualamithun8
9	Zuala9	Mithun9	3	8798621231	1973-01-03	zualamithun9@gmail.com	zualamithun9
10	Zuala10	Mithun10	13	3298621231	1978-01-03	zualamithun10@gmail.com	zualamithun10
11	Zuala11	Mithun11	6	2398621231	1979-01-03	zualamithun11@gmail.com	zualamithun11
12	Zuala12	Mithun12	16	8898621231	1973-01-03	zualamithun12@gmail.com	zualamithun12
13	Zuala13	Mithun13	7	7798621231	1968-01-03	zualamithun13@gmail.com	zualamithun13
14	Zuala14	Mithun14	17	5698621231	1998-01-03	zualamithun14@gmail.com	zualamithun14
15	Zuala15	Mithun15	8	9898621231	2005-01-03	zualamithun15@gmail.com	zualamithun15
16	Zuala16	Mithun16	18	8098621231	1945-01-03	zualamithun16@gmail.com	zualamithun16
17	Zuala17	Mithun17	9	898621231	1973-01-03	zualamithun17@gmail.com	zualamithun17
18	Zuala18	Mithun18	19	3498621231	1962-01-03	zualamithun18@gmail.com	zualamithun18
19	Zuala19	Mithun19	20	8198621231	2000-01-03	zualamithun19@gmail.com	zualamithun19
20	Zuala20	Mithun20	10	1898621231	2001-01-03	zualamithun20@gmail.com	zualamithun20
\.


--
-- Data for Name: host_listing; Type: TABLE DATA; Schema: public; Owner: nuntea
--

COPY public.host_listing (host_listing_id, host_id, listing_id) FROM stdin;
1	1	1
2	2	2
3	3	3
4	4	4
5	5	5
6	6	6
7	7	7
8	8	8
9	9	9
10	10	10
11	11	11
12	12	12
13	13	13
14	14	14
15	15	15
16	16	16
17	17	17
18	18	18
19	19	19
20	20	20
\.


--
-- Data for Name: listing; Type: TABLE DATA; Schema: public; Owner: nuntea
--

COPY public.listing (listing_id, place_id, location_id) FROM stdin;
1	1	1
2	2	2
3	3	3
4	4	4
5	5	5
6	6	6
7	7	7
8	8	8
9	9	9
10	10	10
11	11	11
12	12	12
13	13	13
14	14	14
15	15	15
16	16	16
17	17	17
18	18	18
19	19	19
20	20	20
\.


--
-- Data for Name: listing_amenities; Type: TABLE DATA; Schema: public; Owner: nuntea
--

COPY public.listing_amenities (listing_amenities_id, listing_id, amenities_id) FROM stdin;
1	1	1
2	2	2
3	3	3
4	4	4
5	5	5
6	6	6
7	7	7
8	8	8
9	9	9
10	10	10
11	11	11
12	12	12
13	13	13
14	14	14
15	15	15
16	16	16
17	17	17
18	18	18
19	19	19
20	20	20
\.


--
-- Data for Name: location; Type: TABLE DATA; Schema: public; Owner: nuntea
--

COPY public.location (location_id, location_name, street, city, country, pincode) FROM stdin;
1	Burj Kalifa1	Join Avenue Street1	New York1	India1	123456
2	Burj Kalifa2	Join Avenue Street2	New York2	India2	113456
3	Burj Kalifa3	Join Avenue Street3	New York3	India3	126456
4	Burj Kalifa4	Join Avenue Street4	New York4	India4	223456
5	Burj Kalifa5	Join Avenue Street5	New York5	India5	323456
6	Burj Kalifa6	Join Avenue Street6	New York6	India6	111456
7	Burj Kalifa7	Join Avenue Street7	New York7	India7	123246
8	Burj Kalifa8	Join Avenue Street8	New York8	India8	121236
9	Burj Kalifa9	Join Avenue Street9	New York9	India9	123426
10	Burj Kalifa10	Join Avenue Street10	New York10	India10	123458
11	Burj Kalifa11	Join Avenue Street11	New York11	India11	123459
12	Burj Kalifa12	Join Avenue Street12	New York12	India12	223458
13	Burj Kalifa13	Join Avenue Street13	New York13	India13	123499
14	Burj Kalifa14	Join Avenue Street14	New York14	India14	122156
15	Burj Kalifa15	Join Avenue Street15	New York15	India15	122196
16	Burj Kalifa16	Join Avenue Street16	New York16	India16	463456
17	Burj Kalifa17	Join Avenue Street17	New York17	India17	863456
18	Burj Kalifa18	Join Avenue Street18	New York18	India18	543456
19	Burj Kalifa19	Join Avenue Street19	New York19	India19	673456
20	Burj Kalifa20	Join Avenue Street20	New York20	India20	773456
\.


--
-- Data for Name: net_banking; Type: TABLE DATA; Schema: public; Owner: nuntea
--

COPY public.net_banking (net_banking_id, payment_method_id, bank_name, account_number, ifsc_code) FROM stdin;
1	11	Bank A	1234567890	BNKA0001234
2	12	Bank B	2345678901	BNKB0002345
3	13	Bank C	3456789012	BNKC0003456
4	14	Bank D	4567890123	BNKD0004567
5	15	Bank E	5678901234	BNKE00056124
6	26	Bank S	6789012345	BNKF0001231
7	41	Bank AS	5673201234	BNKE00051248
8	27	Bank S	67812123445	BNKF0001212
9	42	Bank CA	52348912234	BNKE0005621
10	28	Bank AS	8834012345	BNKF0001231
11	43	Bank QWE	1178901234	BNKE000567234
12	29	Bank FGA	97834012345	BNKF0004431
13	44	Bank QWE	8678901234	BNKE00051248
14	30	Bank ASD	2712332412345	BNKF0005531
15	45	Bank RG	9778901234	BNKE000523478
16	56	Bank SD	271233412345	BNKF000234531
17	57	Bank EI	3478901234	BNKE0001278
18	58	Bank AD	27812312345	BNKF00055234
19	59	Bank LE	7678901234	BNKE0005128
20	60	Bank A	27123412345	BNKF00055234
\.


--
-- Data for Name: payment; Type: TABLE DATA; Schema: public; Owner: nuntea
--

COPY public.payment (payment_id, person_id, person_type, payment_type) FROM stdin;
1	1	host	upi
2	2	guest	upi
3	3	host	upi
4	4	guest	upi
5	5	host	upi
6	6	guest	credit_debit
7	7	host	credit_debit
8	8	guest	credit_debit
9	9	host	credit_debit
10	10	guest	credit_debit
11	11	host	net_banking
12	12	guest	net_banking
13	13	host	net_banking
14	14	guest	net_banking
15	15	host	net_banking
16	16	guest	upi
17	17	host	upi
18	18	guest	upi
19	19	host	upi
20	20	guest	upi
21	21	host	credit_debit
22	22	guest	credit_debit
23	23	host	credit_debit
24	24	guest	credit_debit
25	25	host	credit_debit
26	26	guest	net_banking
27	27	host	net_banking
28	28	guest	net_banking
29	29	host	net_banking
30	30	guest	net_banking
31	31	host	upi
32	32	guest	upi
33	33	host	upi
34	34	guest	upi
35	35	host	upi
36	36	guest	credit_debit
37	37	host	credit_debit
38	38	guest	credit_debit
39	39	host	credit_debit
40	40	guest	credit_debit
41	41	host	net_banking
42	42	guest	net_banking
43	43	host	net_banking
44	44	guest	net_banking
45	45	host	net_banking
46	46	guest	upi
47	47	host	upi
48	48	guest	upi
49	49	host	upi
50	50	guest	upi
51	51	host	credit_debit
52	52	guest	credit_debit
53	53	host	credit_debit
54	54	guest	credit_debit
55	55	host	credit_debit
56	56	guest	net_banking
57	57	host	net_banking
58	58	guest	net_banking
59	59	host	net_banking
60	60	guest	net_banking
\.


--
-- Data for Name: photo; Type: TABLE DATA; Schema: public; Owner: nuntea
--

COPY public.photo (photo_id, photo, extension) FROM stdin;
1	\\x2f446f63756d656e74732f495520636f6c6c61626f72617469766520776f726b2f466967757265312e6a7067	jpg
2	\\x2f446f63756d656e74732f495520636f6c6c61626f72617469766520776f726b2f466967757265332e77656270	webp
3	\\x2f446f63756d656e74732f495520636f6c6c61626f72617469766520776f726b2f466967757265382e77656270	webp
4	\\x2f446f63756d656e74732f495520636f6c6c61626f72617469766520776f726b2f466967757265392e6a7067	jpg
5	\\x2f446f63756d656e74732f495520636f6c6c61626f72617469766520776f726b2f46696775726531312e77656270	webp
6	\\x2f446f63756d656e74732f495520636f6c6c61626f72617469766520776f726b2f46696775726531322e706e67	png
7	\\x2f446f63756d656e74732f495520636f6c6c61626f72617469766520776f726b2f46696775726531332e6a706567	jpeg
8	\\x2f446f63756d656e74732f495520636f6c6c61626f72617469766520776f726b2f46696775726531342e6a706567	jpeg
9	\\x2f446f63756d656e74732f495520636f6c6c61626f72617469766520776f726b2f46696775726531362e6a7067	jpg
10	\\x2f446f63756d656e74732f495520636f6c6c61626f72617469766520776f726b2f46696775726531372e706e67	png
11	\\x2f446f63756d656e74732f495520636f6c6c61626f72617469766520776f726b2f46696775726531382e6a7067	jpg
12	\\x2f446f63756d656e74732f495520636f6c6c61626f72617469766520776f726b2f46696775726531392e6a706567	jpeg
13	\\x2f446f63756d656e74732f495520636f6c6c61626f72617469766520776f726b2f46696775726532302e77656270	webp
14	\\x2f446f63756d656e74732f4d616e616c692f4453435f303030312e6a7067	jpg
15	\\x2f446f63756d656e74732f4d616e616c692f4453435f303030322e6a7067	jpg
16	\\x2f446f63756d656e74732f4d616e616c692f4453435f303030332e6a7067	jpg
17	\\x2f446f63756d656e74732f4d616e616c692f4453435f303030342e6a7067	jpg
18	\\x2f446f63756d656e74732f4d616e616c692f4453435f303030352e6a7067	jpg
19	\\x2f446f63756d656e74732f4d616e616c692f4453435f303030362e6a7067	jpg
20	\\x2f446f63756d656e74732f4d616e616c692f4453435f303030372e6a7067	jpg
\.


--
-- Data for Name: photos; Type: TABLE DATA; Schema: public; Owner: nuntea
--

COPY public.photos (photos_id, owner_id, owner_type, photo_id) FROM stdin;
1	1	listing	1
2	2	host	2
3	3	listing	3
4	4	guest	4
5	5	listing	5
6	6	host	6
7	7	host	7
8	8	listing	8
9	9	guest	9
10	10	guest	10
11	11	host	11
12	12	listing	12
13	13	listing	13
14	14	host	14
15	15	host	15
16	16	listing	16
17	17	guest	17
18	18	guest	18
19	19	listing	19
20	20	listing	20
\.


--
-- Data for Name: place; Type: TABLE DATA; Schema: public; Owner: nuntea
--

COPY public.place (place_id, type, description, max_adult, max_children, allowed_pet, exterior_security_camera, security) FROM stdin;
1	Apartment	Cozy 1-bedroom apartment in the city center	2	1	f	t	t
2	Villa	Luxurious 5-bedroom villa with private pool	10	5	t	t	t
3	Cabin	Rustic cabin in the mountains	4	2	t	f	f
4	Hostel	Affordable hostel in the heart of the city	10	5	f	f	t
5	Hotel	Upscale 4-star hotel with spa and fitness center	4	2	f	t	t
6	Cottage	Charming cottage near a lake	6	3	t	f	f
7	Townhouse	Modern townhouse in a gated community	6	4	t	t	t
8	Bungalow	Beachfront bungalow with ocean views	4	2	f	t	t
9	Condo	Spacious 2-bedroom condo near shopping and restaurants	4	2	f	t	t
10	Chalet	Cozy chalet in a ski resort	8	4	t	f	t
11	Loft	Industrial-style loft in an urban area	2	1	f	t	t
12	Penthouse	Luxurious penthouse with panoramic city views	4	2	f	t	t
13	Ranch	Spacious ranch-style home in the countryside	8	6	t	f	f
14	Farmhouse	Rustic farmhouse on a working farm	6	4	t	f	f
15	Treehouse	Unique treehouse experience in a forest setting	2	1	f	f	f
16	Yurt	Traditional yurt in a scenic mountain meadow	4	2	t	f	f
17	Houseboat	Charming houseboat docked in a marina	4	2	f	f	t
18	Castle	Historic castle turned into a luxury hotel	10	6	f	t	t
19	Igloo	Unique ice igloo experience in the Arctic	2	1	f	f	f
20	Tent	Camping tent in a scenic nature reserve	4	2	t	f	f
\.


--
-- Data for Name: review; Type: TABLE DATA; Schema: public; Owner: nuntea
--

COPY public.review (id, star, description, listing_id, guest_id) FROM stdin;
1	5	Amazing place! Highly recommended.	1	20
2	4	Great location, but a bit noisy at night.	2	19
3	3	The property was clean, but the amenities were basic.	3	18
4	5	Fantastic host, beautiful property, and excellent service.	4	17
5	2	The place was not well-maintained, and the description was misleading.	5	16
6	4	Good value for money, but the check-in process could be improved.	6	15
7	5	Exceeded our expectations! We had a wonderful stay.	7	13
8	3	Average experience, nothing exceptional.	8	12
9	4	The property was comfortable and the host was friendly.	9	11
10	2	The place was not as advertised, and the amenities were lacking.	10	10
11	5	Absolutely stunning property! We loved every minute of our stay.	11	9
12	4	The location was great, but the place could use some updates.	12	8
13	3	It was an okay stay, but we expected more for the price.	13	7
14	5	Fantastic experience! The host went above and beyond.	14	6
15	2	The property was not well-maintained, and the check-out process was confusing.	15	5
16	4	Good value for money, and the host was responsive.	16	4
17	5	Highly recommended! We had a great time and made wonderful memories.	17	3
18	3	The place was decent, but nothing too special.	18	2
19	4	The property was clean and comfortable, and the host was friendly.	19	1
20	2	The description was misleading, and the place did not meet our expectations.	20	14
\.


--
-- Data for Name: tag; Type: TABLE DATA; Schema: public; Owner: nuntea
--

COPY public.tag (tag_id, name, description) FROM stdin;
1	Beachfront	Properties located near or on the beach
2	City Center	Properties located in the heart of the city
3	Mountain View	Properties with stunning mountain views
4	Pet-Friendly	Properties that allow pets
5	Luxury	High-end, luxurious properties
6	Budget	Affordable, budget-friendly properties
7	Historic	Properties with historical significance
8	Secluded	Remote, secluded properties
9	Family-Friendly	Properties suitable for families with children
10	Romantic	Properties perfect for romantic getaways
11	Eco-Friendly	Environmentally-friendly, sustainable properties
12	Ski Resort	Properties located near or within a ski resort
13	Waterfront	Properties located near or on a body of water
14	Countryside	Properties situated in rural, countryside settings
15	Modern	Properties with contemporary, modern design
16	Rustic	Properties with a rustic, traditional style
17	Luxury Villa	High-end, luxurious villa properties
18	Cabin	Cozy, cabin-style properties
19	Apartment	Properties in apartment buildings or complexes
20	Hostel	Budget-friendly hostel accommodations
\.


--
-- Data for Name: tags; Type: TABLE DATA; Schema: public; Owner: nuntea
--

COPY public.tags (tags_id, tag_id, place_id) FROM stdin;
1	1	1
2	2	1
3	4	2
4	5	2
5	6	3
6	8	4
7	9	4
8	10	5
9	11	6
10	12	7
11	13	8
12	14	8
13	16	9
14	17	10
15	18	11
16	19	12
17	20	13
18	3	14
19	4	14
20	5	15
21	7	16
22	9	16
23	11	17
24	13	18
25	15	18
26	16	19
27	18	20
28	19	20
\.


--
-- Data for Name: upi; Type: TABLE DATA; Schema: public; Owner: nuntea
--

COPY public.upi (upi_id, payment_method_id, upi) FROM stdin;
1	1	user1@upi
2	2	guest2@upi
3	3	host3@upi
4	4	guest4@upi
5	5	host5@upi
6	16	guest16@upi
7	17	host17@upi
8	18	guest18@upi
9	19	host19@upi
10	20	guest20@upi
11	31	host31@upi
12	32	guest32@upi
13	33	host33@upi
14	34	guest34@upi
15	35	host35@upi
16	46	guest46@upi
17	47	host47@upi
18	48	guest48@upi
19	49	host49@upi
20	50	guest50@upi
\.


--
-- Data for Name: wishlist; Type: TABLE DATA; Schema: public; Owner: nuntea
--

COPY public.wishlist (id, listing_id, guest_id) FROM stdin;
1	11	1
2	12	2
3	13	3
4	14	4
5	15	5
6	16	6
7	17	7
8	18	8
9	19	9
10	20	10
11	1	11
12	2	12
13	3	13
14	4	14
15	5	15
16	6	16
17	7	17
18	8	18
19	9	19
20	10	20
\.


--
-- Name: USER_user_id_seq; Type: SEQUENCE SET; Schema: public; Owner: nuntea
--

SELECT pg_catalog.setval('public."USER_user_id_seq"', 20, true);


--
-- Name: administrator_administrator_id_seq; Type: SEQUENCE SET; Schema: public; Owner: nuntea
--

SELECT pg_catalog.setval('public.administrator_administrator_id_seq', 20, true);


--
-- Name: amenities_amenities_id_seq; Type: SEQUENCE SET; Schema: public; Owner: nuntea
--

SELECT pg_catalog.setval('public.amenities_amenities_id_seq', 20, true);


--
-- Name: availability_availability_id_seq; Type: SEQUENCE SET; Schema: public; Owner: nuntea
--

SELECT pg_catalog.setval('public.availability_availability_id_seq', 20, true);


--
-- Name: booking_booking_id_seq; Type: SEQUENCE SET; Schema: public; Owner: nuntea
--

SELECT pg_catalog.setval('public.booking_booking_id_seq', 20, true);


--
-- Name: complain_complain_id_seq; Type: SEQUENCE SET; Schema: public; Owner: nuntea
--

SELECT pg_catalog.setval('public.complain_complain_id_seq', 20, true);


--
-- Name: credit_debit_card_credit_debit_card_id_seq; Type: SEQUENCE SET; Schema: public; Owner: nuntea
--

SELECT pg_catalog.setval('public.credit_debit_card_credit_debit_card_id_seq', 20, true);


--
-- Name: guest_guest_id_seq; Type: SEQUENCE SET; Schema: public; Owner: nuntea
--

SELECT pg_catalog.setval('public.guest_guest_id_seq', 20, true);


--
-- Name: host_host_id_seq; Type: SEQUENCE SET; Schema: public; Owner: nuntea
--

SELECT pg_catalog.setval('public.host_host_id_seq', 20, true);


--
-- Name: host_listing_host_listing_id_seq; Type: SEQUENCE SET; Schema: public; Owner: nuntea
--

SELECT pg_catalog.setval('public.host_listing_host_listing_id_seq', 20, true);


--
-- Name: listing_amenities_listing_amenities_id_seq; Type: SEQUENCE SET; Schema: public; Owner: nuntea
--

SELECT pg_catalog.setval('public.listing_amenities_listing_amenities_id_seq', 20, true);


--
-- Name: listing_listing_id_seq; Type: SEQUENCE SET; Schema: public; Owner: nuntea
--

SELECT pg_catalog.setval('public.listing_listing_id_seq', 20, true);


--
-- Name: location_location_id_seq; Type: SEQUENCE SET; Schema: public; Owner: nuntea
--

SELECT pg_catalog.setval('public.location_location_id_seq', 20, true);


--
-- Name: net_banking_net_banking_id_seq; Type: SEQUENCE SET; Schema: public; Owner: nuntea
--

SELECT pg_catalog.setval('public.net_banking_net_banking_id_seq', 20, true);


--
-- Name: payment_payment_id_seq; Type: SEQUENCE SET; Schema: public; Owner: nuntea
--

SELECT pg_catalog.setval('public.payment_payment_id_seq', 60, true);


--
-- Name: photo_photo_id_seq; Type: SEQUENCE SET; Schema: public; Owner: nuntea
--

SELECT pg_catalog.setval('public.photo_photo_id_seq', 20, true);


--
-- Name: photos_photos_id_seq; Type: SEQUENCE SET; Schema: public; Owner: nuntea
--

SELECT pg_catalog.setval('public.photos_photos_id_seq', 20, true);


--
-- Name: place_place_id_seq; Type: SEQUENCE SET; Schema: public; Owner: nuntea
--

SELECT pg_catalog.setval('public.place_place_id_seq', 20, true);


--
-- Name: review_id_seq; Type: SEQUENCE SET; Schema: public; Owner: nuntea
--

SELECT pg_catalog.setval('public.review_id_seq', 20, true);


--
-- Name: tag_tag_id_seq; Type: SEQUENCE SET; Schema: public; Owner: nuntea
--

SELECT pg_catalog.setval('public.tag_tag_id_seq', 20, true);


--
-- Name: tags_tags_id_seq; Type: SEQUENCE SET; Schema: public; Owner: nuntea
--

SELECT pg_catalog.setval('public.tags_tags_id_seq', 28, true);


--
-- Name: upi_upi_id_seq; Type: SEQUENCE SET; Schema: public; Owner: nuntea
--

SELECT pg_catalog.setval('public.upi_upi_id_seq', 20, true);


--
-- Name: wishlist_id_seq; Type: SEQUENCE SET; Schema: public; Owner: nuntea
--

SELECT pg_catalog.setval('public.wishlist_id_seq', 20, true);


--
-- Name: USER USER_pkey; Type: CONSTRAINT; Schema: public; Owner: nuntea
--

ALTER TABLE ONLY public."USER"
    ADD CONSTRAINT "USER_pkey" PRIMARY KEY (user_id);


--
-- Name: administrator administrator_pkey; Type: CONSTRAINT; Schema: public; Owner: nuntea
--

ALTER TABLE ONLY public.administrator
    ADD CONSTRAINT administrator_pkey PRIMARY KEY (administrator_id);


--
-- Name: amenities amenities_pkey; Type: CONSTRAINT; Schema: public; Owner: nuntea
--

ALTER TABLE ONLY public.amenities
    ADD CONSTRAINT amenities_pkey PRIMARY KEY (amenities_id);


--
-- Name: availability availability_pkey; Type: CONSTRAINT; Schema: public; Owner: nuntea
--

ALTER TABLE ONLY public.availability
    ADD CONSTRAINT availability_pkey PRIMARY KEY (availability_id);


--
-- Name: booking booking_pkey; Type: CONSTRAINT; Schema: public; Owner: nuntea
--

ALTER TABLE ONLY public.booking
    ADD CONSTRAINT booking_pkey PRIMARY KEY (booking_id);


--
-- Name: complain complain_pkey; Type: CONSTRAINT; Schema: public; Owner: nuntea
--

ALTER TABLE ONLY public.complain
    ADD CONSTRAINT complain_pkey PRIMARY KEY (complain_id);


--
-- Name: credit_debit_card credit_debit_card_pkey; Type: CONSTRAINT; Schema: public; Owner: nuntea
--

ALTER TABLE ONLY public.credit_debit_card
    ADD CONSTRAINT credit_debit_card_pkey PRIMARY KEY (credit_debit_card_id);


--
-- Name: guest guest_location_id_key; Type: CONSTRAINT; Schema: public; Owner: nuntea
--

ALTER TABLE ONLY public.guest
    ADD CONSTRAINT guest_location_id_key UNIQUE (location_id);


--
-- Name: guest guest_pkey; Type: CONSTRAINT; Schema: public; Owner: nuntea
--

ALTER TABLE ONLY public.guest
    ADD CONSTRAINT guest_pkey PRIMARY KEY (guest_id);


--
-- Name: host_listing host_listing_pkey; Type: CONSTRAINT; Schema: public; Owner: nuntea
--

ALTER TABLE ONLY public.host_listing
    ADD CONSTRAINT host_listing_pkey PRIMARY KEY (host_listing_id);


--
-- Name: host host_location_id_key; Type: CONSTRAINT; Schema: public; Owner: nuntea
--

ALTER TABLE ONLY public.host
    ADD CONSTRAINT host_location_id_key UNIQUE (location_id);


--
-- Name: host host_pkey; Type: CONSTRAINT; Schema: public; Owner: nuntea
--

ALTER TABLE ONLY public.host
    ADD CONSTRAINT host_pkey PRIMARY KEY (host_id);


--
-- Name: listing_amenities listing_amenities_pkey; Type: CONSTRAINT; Schema: public; Owner: nuntea
--

ALTER TABLE ONLY public.listing_amenities
    ADD CONSTRAINT listing_amenities_pkey PRIMARY KEY (listing_amenities_id);


--
-- Name: listing listing_location_id_key; Type: CONSTRAINT; Schema: public; Owner: nuntea
--

ALTER TABLE ONLY public.listing
    ADD CONSTRAINT listing_location_id_key UNIQUE (location_id);


--
-- Name: listing listing_pkey; Type: CONSTRAINT; Schema: public; Owner: nuntea
--

ALTER TABLE ONLY public.listing
    ADD CONSTRAINT listing_pkey PRIMARY KEY (listing_id);


--
-- Name: listing listing_place_id_key; Type: CONSTRAINT; Schema: public; Owner: nuntea
--

ALTER TABLE ONLY public.listing
    ADD CONSTRAINT listing_place_id_key UNIQUE (place_id);


--
-- Name: location location_pkey; Type: CONSTRAINT; Schema: public; Owner: nuntea
--

ALTER TABLE ONLY public.location
    ADD CONSTRAINT location_pkey PRIMARY KEY (location_id);


--
-- Name: net_banking net_banking_pkey; Type: CONSTRAINT; Schema: public; Owner: nuntea
--

ALTER TABLE ONLY public.net_banking
    ADD CONSTRAINT net_banking_pkey PRIMARY KEY (net_banking_id);


--
-- Name: payment payment_pkey; Type: CONSTRAINT; Schema: public; Owner: nuntea
--

ALTER TABLE ONLY public.payment
    ADD CONSTRAINT payment_pkey PRIMARY KEY (payment_id);


--
-- Name: photo photo_pkey; Type: CONSTRAINT; Schema: public; Owner: nuntea
--

ALTER TABLE ONLY public.photo
    ADD CONSTRAINT photo_pkey PRIMARY KEY (photo_id);


--
-- Name: photos photos_pkey; Type: CONSTRAINT; Schema: public; Owner: nuntea
--

ALTER TABLE ONLY public.photos
    ADD CONSTRAINT photos_pkey PRIMARY KEY (photos_id);


--
-- Name: place place_pkey; Type: CONSTRAINT; Schema: public; Owner: nuntea
--

ALTER TABLE ONLY public.place
    ADD CONSTRAINT place_pkey PRIMARY KEY (place_id);


--
-- Name: review review_pkey; Type: CONSTRAINT; Schema: public; Owner: nuntea
--

ALTER TABLE ONLY public.review
    ADD CONSTRAINT review_pkey PRIMARY KEY (id);


--
-- Name: tag tag_pkey; Type: CONSTRAINT; Schema: public; Owner: nuntea
--

ALTER TABLE ONLY public.tag
    ADD CONSTRAINT tag_pkey PRIMARY KEY (tag_id);


--
-- Name: tags tags_pkey; Type: CONSTRAINT; Schema: public; Owner: nuntea
--

ALTER TABLE ONLY public.tags
    ADD CONSTRAINT tags_pkey PRIMARY KEY (tags_id);


--
-- Name: upi upi_pkey; Type: CONSTRAINT; Schema: public; Owner: nuntea
--

ALTER TABLE ONLY public.upi
    ADD CONSTRAINT upi_pkey PRIMARY KEY (upi_id);


--
-- Name: wishlist wishlist_listing_id_key; Type: CONSTRAINT; Schema: public; Owner: nuntea
--

ALTER TABLE ONLY public.wishlist
    ADD CONSTRAINT wishlist_listing_id_key UNIQUE (listing_id);


--
-- Name: wishlist wishlist_pkey; Type: CONSTRAINT; Schema: public; Owner: nuntea
--

ALTER TABLE ONLY public.wishlist
    ADD CONSTRAINT wishlist_pkey PRIMARY KEY (id);


--
-- Name: USER administrator_fk; Type: FK CONSTRAINT; Schema: public; Owner: nuntea
--

ALTER TABLE ONLY public."USER"
    ADD CONSTRAINT administrator_fk FOREIGN KEY (administrator_id) REFERENCES public.administrator(administrator_id) ON DELETE CASCADE;


--
-- Name: listing_amenities amenities_fk; Type: FK CONSTRAINT; Schema: public; Owner: nuntea
--

ALTER TABLE ONLY public.listing_amenities
    ADD CONSTRAINT amenities_fk FOREIGN KEY (amenities_id) REFERENCES public.amenities(amenities_id) ON DELETE CASCADE;


--
-- Name: review guest_fk; Type: FK CONSTRAINT; Schema: public; Owner: nuntea
--

ALTER TABLE ONLY public.review
    ADD CONSTRAINT guest_fk FOREIGN KEY (guest_id) REFERENCES public.guest(guest_id) ON DELETE CASCADE;


--
-- Name: wishlist guest_fk; Type: FK CONSTRAINT; Schema: public; Owner: nuntea
--

ALTER TABLE ONLY public.wishlist
    ADD CONSTRAINT guest_fk FOREIGN KEY (guest_id) REFERENCES public.guest(guest_id) ON DELETE CASCADE;


--
-- Name: USER guest_fk; Type: FK CONSTRAINT; Schema: public; Owner: nuntea
--

ALTER TABLE ONLY public."USER"
    ADD CONSTRAINT guest_fk FOREIGN KEY (guest_id) REFERENCES public.guest(guest_id) ON DELETE CASCADE;


--
-- Name: booking guest_fk; Type: FK CONSTRAINT; Schema: public; Owner: nuntea
--

ALTER TABLE ONLY public.booking
    ADD CONSTRAINT guest_fk FOREIGN KEY (guest_id) REFERENCES public.guest(guest_id) ON DELETE CASCADE;


--
-- Name: USER host_fk; Type: FK CONSTRAINT; Schema: public; Owner: nuntea
--

ALTER TABLE ONLY public."USER"
    ADD CONSTRAINT host_fk FOREIGN KEY (host_id) REFERENCES public.host(host_id) ON DELETE CASCADE;


--
-- Name: host_listing host_fk; Type: FK CONSTRAINT; Schema: public; Owner: nuntea
--

ALTER TABLE ONLY public.host_listing
    ADD CONSTRAINT host_fk FOREIGN KEY (host_id) REFERENCES public.host(host_id) ON DELETE CASCADE;


--
-- Name: review list_fk; Type: FK CONSTRAINT; Schema: public; Owner: nuntea
--

ALTER TABLE ONLY public.review
    ADD CONSTRAINT list_fk FOREIGN KEY (listing_id) REFERENCES public.listing(listing_id) ON DELETE CASCADE;


--
-- Name: availability listing_fk; Type: FK CONSTRAINT; Schema: public; Owner: nuntea
--

ALTER TABLE ONLY public.availability
    ADD CONSTRAINT listing_fk FOREIGN KEY (listing_id) REFERENCES public.listing(listing_id) ON DELETE CASCADE;


--
-- Name: wishlist listing_fk; Type: FK CONSTRAINT; Schema: public; Owner: nuntea
--

ALTER TABLE ONLY public.wishlist
    ADD CONSTRAINT listing_fk FOREIGN KEY (listing_id) REFERENCES public.listing(listing_id) ON DELETE CASCADE;


--
-- Name: booking listing_fk; Type: FK CONSTRAINT; Schema: public; Owner: nuntea
--

ALTER TABLE ONLY public.booking
    ADD CONSTRAINT listing_fk FOREIGN KEY (listing_id) REFERENCES public.listing(listing_id) ON DELETE CASCADE;


--
-- Name: listing_amenities listing_fk; Type: FK CONSTRAINT; Schema: public; Owner: nuntea
--

ALTER TABLE ONLY public.listing_amenities
    ADD CONSTRAINT listing_fk FOREIGN KEY (listing_id) REFERENCES public.listing(listing_id) ON DELETE CASCADE;


--
-- Name: host_listing listing_fk; Type: FK CONSTRAINT; Schema: public; Owner: nuntea
--

ALTER TABLE ONLY public.host_listing
    ADD CONSTRAINT listing_fk FOREIGN KEY (listing_id) REFERENCES public.listing(listing_id) ON DELETE CASCADE;


--
-- Name: host location_fk; Type: FK CONSTRAINT; Schema: public; Owner: nuntea
--

ALTER TABLE ONLY public.host
    ADD CONSTRAINT location_fk FOREIGN KEY (location_id) REFERENCES public.location(location_id) ON DELETE CASCADE;


--
-- Name: listing location_fk; Type: FK CONSTRAINT; Schema: public; Owner: nuntea
--

ALTER TABLE ONLY public.listing
    ADD CONSTRAINT location_fk FOREIGN KEY (location_id) REFERENCES public.location(location_id) ON DELETE SET NULL;


--
-- Name: guest location_fk; Type: FK CONSTRAINT; Schema: public; Owner: nuntea
--

ALTER TABLE ONLY public.guest
    ADD CONSTRAINT location_fk FOREIGN KEY (location_id) REFERENCES public.location(location_id) ON DELETE CASCADE;


--
-- Name: booking payment_fk; Type: FK CONSTRAINT; Schema: public; Owner: nuntea
--

ALTER TABLE ONLY public.booking
    ADD CONSTRAINT payment_fk FOREIGN KEY (payment_id) REFERENCES public.payment(payment_id) ON DELETE CASCADE;


--
-- Name: upi payment_method_fk; Type: FK CONSTRAINT; Schema: public; Owner: nuntea
--

ALTER TABLE ONLY public.upi
    ADD CONSTRAINT payment_method_fk FOREIGN KEY (payment_method_id) REFERENCES public.payment(payment_id) ON DELETE CASCADE;


--
-- Name: credit_debit_card payment_method_fk; Type: FK CONSTRAINT; Schema: public; Owner: nuntea
--

ALTER TABLE ONLY public.credit_debit_card
    ADD CONSTRAINT payment_method_fk FOREIGN KEY (payment_method_id) REFERENCES public.payment(payment_id) ON DELETE CASCADE;


--
-- Name: net_banking payment_method_fk; Type: FK CONSTRAINT; Schema: public; Owner: nuntea
--

ALTER TABLE ONLY public.net_banking
    ADD CONSTRAINT payment_method_fk FOREIGN KEY (payment_method_id) REFERENCES public.payment(payment_id) ON DELETE CASCADE;


--
-- Name: photos photo_fk; Type: FK CONSTRAINT; Schema: public; Owner: nuntea
--

ALTER TABLE ONLY public.photos
    ADD CONSTRAINT photo_fk FOREIGN KEY (photo_id) REFERENCES public.photo(photo_id) ON DELETE CASCADE;


--
-- Name: listing place_fk; Type: FK CONSTRAINT; Schema: public; Owner: nuntea
--

ALTER TABLE ONLY public.listing
    ADD CONSTRAINT place_fk FOREIGN KEY (place_id) REFERENCES public.place(place_id);


--
-- Name: tags place_fk; Type: FK CONSTRAINT; Schema: public; Owner: nuntea
--

ALTER TABLE ONLY public.tags
    ADD CONSTRAINT place_fk FOREIGN KEY (place_id) REFERENCES public.place(place_id) ON DELETE CASCADE;


--
-- Name: tags tag_fk; Type: FK CONSTRAINT; Schema: public; Owner: nuntea
--

ALTER TABLE ONLY public.tags
    ADD CONSTRAINT tag_fk FOREIGN KEY (tag_id) REFERENCES public.tag(tag_id) ON DELETE CASCADE;


--
-- Name: complain user_fk; Type: FK CONSTRAINT; Schema: public; Owner: nuntea
--

ALTER TABLE ONLY public.complain
    ADD CONSTRAINT user_fk FOREIGN KEY (user_id) REFERENCES public."USER"(user_id) ON DELETE CASCADE;


--
-- PostgreSQL database dump complete
--

